Country,1971,1972,1973,1974,1975,1976,1977,1978,1979,1980,1981,1982,1983,1984,1985,1986,1987,1988,1989,1990,1991,1992,1993,1994,1995,1996,1997,1998,1999,2000,2001,2002,2003,2004,2005,2006,2007,2008,2009,2010,2011,2012,2013,2014,2015,2016,2017,2018,2019,2020
OECD Total,9835,10263,10800,10580,10248,10818,11059,11204,11478,11146,10887,10548,10460,10808,10913,10904,11173,11494,11657,11663,11713,11738,11826,12018,12177,12566,12838,12850,12899,13216,13239,13142,13371,13498,13544,13479,13647,13329,12594,13121,12904,12745,12823,12606,12547,12456,12441,12512,12180,11085
Non-OECD Total,5781,6047,6416,6617,7006,7422,7762,8114,8409,8464,8354,8555,8737,9046,9220,9568,9955,10335,10610,10983,11074,10894,10949,10832,11306,11417,11539,11667,11708,12185,12559,12935,13912,15000,16001,16934,17814,18370,18669,19997,21183,21788,22336,22626,22483,22536,23055,23857,24100,23446
Region/Country/Economy,1971,1972,1973,1974,1975,1976,1977,1978,1979,1980,1981,1982,1983,1984,1985,1986,1987,1988,1989,1990,1991,1992,1993,1994,1995,1996,1997,1998,1999,2000,2001,2002,2003,2004,2005,2006,2007,2008,2009,2010,2011,2012,2013,2014,2015,2016,2017,2018,2019,2020
Canada,366,385,404,413,404,415,428,429,446,452,431,414,407,426,427,419,431,463,478,445,441,456,453,469,481,496,512,521,531,552,545,563,584,577,589,583,615,593,563,580,595,592,604,613,610,611,626,640,626,573
Chile,22,22,21,21,18,19,20,20,22,23,23,20,20,22,22,22,22,27,32,31,30,31,33,36,40,46,52,53,56,52,50,50,51,56,57,58,65,69,67,71,78,80,85,78,83,88,89,88,94,86
Colombia,32,33,34,36,34,36,37,38,39,40,40,41,44,44,46,47,50,51,53,55,56,58,61,62,66,66,72,73,65,67,67,64,64,64,64,65,66,68,72,74,81,82,91,93,93,95,87,91,91,88
Costa Rica,..,..,..,..,..,..,..,..,..,..,..,..,..,..,..,..,..,..,..,..,..,..,..,..,..,..,..,..,..,..,..,..,..,..,..,..,..,..,..,..,..,..,..,..,..,..,..,..,..,..
Mexico,118,131,143,156,164,175,183,212,219,248,275,289,276,281,289,283,295,291,305,300,320,322,331,356,339,356,379,401,390,414,415,423,445,455,472,487,493,495,482,497,512,520,510,495,500,502,496,465,473,401
United States,4604,4848,5011,4846,4652,4919,5088,5080,5127,4920,4853,4628,4587,4800,4823,4782,4948,5168,5234,5135,5097,5170,5279,5358,5411,5570,5842,5888,5901,6070,6042,5881,5946,6025,6042,5945,6037,5870,5473,5726,5524,5316,5463,5501,5387,5271,5209,5407,5287,4744
OECD Americas,5143,5421,5615,5473,5273,5566,5757,5782,5854,5685,5624,5393,5335,5574,5609,5555,5748,6002,6104,5969,5947,6042,6162,6287,6342,6539,6860,6940,6946,7159,7124,6987,7096,7182,7231,7144,7284,7101,6663,6955,6797,6597,6760,6786,6681,6574,6514,6699,6577,5900
Australia,153,159,169,184,192,194,209,204,212,221,223,230,220,227,241,243,255,263,278,284,287,292,297,304,316,326,336,357,363,372,380,388,388,402,406,412,424,428,435,442,438,441,437,432,441,450,454,453,456,439
Israel,14,15,16,16,17,17,18,19,19,19,20,21,22,23,25,27,29,31,32,33,34,36,39,42,45,48,50,50,51,55,57,60,62,62,60,63,65,65,65,69,69,75,66,64,65,64,65,61,63,59
Japan,762,799,909,896,859,886,911,906,928,881,857,830,836,897,877,877,882,948,976,1063,1075,1085,1078,1131,1142,1155,1146,1108,1147,1163,1151,1188,1196,1190,1198,1176,1212,1145,1091,1147,1204,1244,1256,1206,1167,1154,1139,1099,1062,1003
Korea,56,58,72,75,82,90,103,112,126,130,136,136,144,157,162,168,175,199,209,238,261,281,307,332,361,386,407,348,382,427,436,439,441,465,463,470,483,495,508,557,581,582,582,570,589,596,607,613,595,554
New Zealand,14,16,17,18,17,19,20,19,17,17,17,19,19,20,20,19,20,22,22,23,24,25,25,25,25,27,29,28,30,31,33,33,35,34,35,35,34,35,32,32,32,33,33,33,33,32,34,34,35,32
OECD Asia Oceania,998,1047,1182,1189,1166,1207,1261,1260,1302,1268,1253,1236,1241,1324,1324,1335,1362,1462,1517,1642,1681,1719,1747,1834,1889,1941,1967,1891,1974,2048,2057,2108,2121,2153,2162,2156,2219,2168,2131,2249,2323,2376,2374,2304,2296,2296,2300,2260,2210,2087
Austria,..,..,..,..,..,..,..,..,..,..,..,..,..,..,..,..,..,..,..,..,..,..,..,..,..,..,..,..,..,..,..,..,..,..,..,..,..,..,..,..,..,..,..,..,..,..,..,..,..,..
Belgium,..,..,..,..,..,..,..,..,..,..,..,..,..,..,..,..,..,..,..,..,..,..,..,..,..,..,..,..,..,..,..,..,..,..,..,..,..,..,..,..,..,..,..,..,..,..,..,..,..,..
Czech Republic,..,..,..,..,..,..,..,..,..,..,..,..,..,..,..,..,..,..,..,..,..,..,..,..,..,..,..,..,..,..,..,..,..,..,..,..,..,..,..,..,..,..,..,..,..,..,..,..,..,..
Denmark,56,58,57,51,53,59,61,60,64,64,54,56,53,55,63,63,62,58,52,53,64,58,60,64,61,74,65,61,58,54,56,56,61,56,52,60,55,52,50,50,45,40,41,37,35,36,34,34,30,28
Estonia,..,..,..,..,..,..,..,..,..,..,..,..,..,..,..,..,..,..,..,35,32,23,18,19,16,17,18,16,15,15,15,15,17,17,17,16,20,17,14,19,18,17,19,18,15,16,17,16,10,7
Finland,..,..,..,..,..,..,..,..,..,..,..,..,..,..,..,..,..,..,..,..,..,..,..,..,..,..,..,..,..,..,..,..,..,..,..,..,..,..,..,..,..,..,..,..,..,..,..,..,..,..
France,433,449,485,466,433,473,459,478,485,465,417,399,384,371,362,351,345,343,359,355,380,369,351,345,353,369,360,382,376,374,377,371,377,378,381,371,362,358,345,349,335,339,340,307,313,316,320,309,302,269
Germany,994,1018,1069,1043,989,1046,1030,1069,1117,1066,1034,992,993,1013,1022,1024,1016,1008,983,957,935,893,887,875,874,905,873,865,833,830,849,836,839,822,805,817,785,792,737,776,748,762,779,737,744,749,733,709,659,603
Greece,..,..,..,..,..,..,..,..,..,..,..,..,..,..,..,..,..,..,..,..,..,..,..,..,..,..,..,..,..,..,..,..,..,..,..,..,..,..,..,..,..,..,..,..,..,..,..,..,..,..
Hungary,..,..,..,..,..,..,..,..,..,..,..,..,..,..,..,..,..,..,..,..,..,..,..,..,..,..,..,..,..,..,..,..,..,..,..,..,..,..,..,..,..,..,..,..,..,..,..,..,..,..
Iceland,..,..,..,..,..,..,..,..,..,..,..,..,..,..,..,..,..,..,..,..,..,..,..,..,..,..,..,..,..,..,..,..,..,..,..,..,..,..,..,..,..,..,..,..,..,..,..,..,..,..
Ireland,..,..,..,..,..,..,..,..,..,..,..,..,..,..,..,..,..,..,..,..,..,..,..,..,..,..,..,..,..,..,..,..,..,..,..,..,..,..,..,..,..,..,..,..,..,..,..,..,..,..
Italy,294,311,333,337,322,348,338,344,360,361,352,347,342,348,348,350,370,374,392,397,396,394,391,387,410,407,411,421,427,430,430,437,456,466,468,461,453,441,395,404,395,378,348,329,340,336,332,327,319,284
Latvia,..,..,..,..,..,..,..,..,..,..,..,..,..,..,..,..,..,..,..,..,..,..,..,..,..,..,..,..,..,..,..,..,..,..,..,..,..,..,..,..,..,..,..,..,..,..,..,..,..,..
Lithuania,..,..,..,..,..,..,..,..,..,..,..,..,..,..,..,..,..,..,..,..,..,..,..,..,..,..,..,..,..,..,..,..,..,..,..,..,..,..,..,..,..,..,..,..,..,..,..,..,..,..
Luxembourg,..,..,..,..,..,..,..,..,..,..,..,..,..,..,..,..,..,..,..,..,..,..,..,..,..,..,..,..,..,..,..,..,..,..,..,..,..,..,..,..,..,..,..,..,..,..,..,..,..,..
Netherlands,129,144,150,141,133,142,140,144,155,147,145,136,132,137,140,143,147,145,148,153,158,157,161,161,165,175,168,168,163,163,168,169,172,173,169,165,166,167,162,173,160,159,159,151,159,160,157,153,148,132
Norway,24,25,25,24,25,27,28,28,30,29,27,26,26,26,28,31,29,29,29,30,28,31,33,35,35,35,37,38,40,35,35,35,38,38,37,38,38,37,38,41,40,39,40,40,41,40,40,39,38,37
Poland,293,306,319,332,346,370,382,408,414,424,393,400,402,417,430,437,453,442,422,350,353,344,347,340,341,357,345,319,309,296,295,289,299,303,303,315,313,309,299,316,311,305,300,287,290,301,314,313,296,280
Portugal,..,..,..,..,..,..,..,..,..,..,..,..,..,..,..,..,..,..,..,..,..,..,..,..,..,..,..,..,..,..,..,..,..,..,..,..,..,..,..,..,..,..,..,..,..,..,..,..,..,..
Slovak Republic,..,..,..,..,..,..,..,..,..,..,..,..,..,..,..,..,..,..,..,..,..,..,..,..,..,..,..,..,..,..,..,..,..,..,..,..,..,..,..,..,..,..,..,..,..,..,..,..,..,..
Slovenia,..,..,..,..,..,..,..,..,..,..,..,..,..,..,..,0,0,0,0,14,13,13,14,13,14,15,16,15,15,14,15,15,15,16,16,16,16,17,16,16,16,15,15,13,13,14,14,14,14,12
Spain,..,..,..,..,..,..,..,..,..,..,..,..,..,..,..,..,..,..,..,..,..,..,..,..,..,..,..,..,..,..,..,..,..,..,..,..,..,..,..,..,..,..,..,..,..,..,..,..,..,..
Sweden,83,83,85,78,80,87,84,79,81,74,68,62,56,55,60,61,60,57,54,54,55,57,57,59,59,64,58,59,58,54,53,54,56,54,50,49,47,46,43,48,45,42,41,39,39,39,39,36,36,34
Switzerland,..,..,..,..,..,..,..,..,..,..,..,..,..,..,..,..,..,..,..,..,..,..,..,..,..,..,..,..,..,..,..,..,..,..,..,..,..,..,..,..,..,..,..,..,..,..,..,..,..,..
Republic of Türkiye,..,..,..,..,..,..,..,..,..,..,..,..,..,..,..,..,..,..,..,..,..,..,..,..,..,..,..,..,..,..,..,..,..,..,..,..,..,..,..,..,..,..,..,..,..,..,..,..,..,..
United Kingdom,633,615,648,611,592,599,612,613,652,594,577,565,556,539,566,579,584,582,567,570,580,568,552,547,539,558,536,538,536,544,558,543,555,554,551,551,539,524,476,492,453,475,460,422,407,389,373,367,353,315
OECD Europe,3693,3796,4003,3917,3808,4046,4041,4162,4321,4193,4010,3919,3884,3909,3980,4014,4063,4031,4036,4053,4085,3977,3917,3898,3946,4086,4011,4019,3980,4010,4058,4047,4153,4163,4152,4179,4144,4060,3799,3917,3784,3773,3689,3516,3569,3585,3627,3553,3393,3098
Albania,..,..,..,..,..,..,..,..,..,..,..,..,..,..,..,..,..,..,..,..,..,..,..,..,..,..,..,..,..,..,..,..,..,..,..,..,..,..,..,..,..,..,..,..,..,..,..,..,..,..
Armenia,..,..,..,..,..,..,..,..,..,..,..,..,..,..,..,..,..,..,..,..,..,..,..,..,..,..,..,..,..,..,..,..,..,..,..,..,..,..,..,..,..,..,..,..,..,..,..,..,..,..
Azerbaijan,..,..,..,..,..,..,..,..,..,..,..,..,..,..,..,..,..,..,..,92,88,75,55,36,35,29,29,29,29,31,30,29,31,31,34,36,35,39,35,33,36,38,39,40,40,40,39,40,43,42
Belarus,..,..,..,..,..,..,..,..,..,..,..,..,..,..,..,..,..,..,..,..,..,..,..,..,..,..,..,..,..,..,..,..,..,..,..,..,..,..,..,..,..,..,..,..,..,..,..,..,..,..
Bosnia and Herzegovina,..,..,..,..,..,..,..,..,..,..,..,..,..,..,..,..,..,..,..,..,..,..,..,..,..,..,..,..,..,..,..,..,..,..,..,..,..,..,..,..,..,..,..,..,..,..,..,..,..,..
Bulgaria,..,..,..,..,..,..,..,..,..,..,..,..,..,..,..,..,..,..,..,..,..,..,..,..,..,..,..,..,..,..,..,..,..,..,..,..,..,..,..,..,..,..,..,..,..,..,..,..,..,..
Croatia,..,..,..,..,..,..,..,..,..,..,..,..,..,..,..,..,..,..,..,..,..,..,..,..,..,..,..,..,..,..,..,..,..,..,..,..,..,..,..,..,..,..,..,..,..,..,..,..,..,..
Cyprus,..,..,..,..,..,..,..,..,..,..,..,..,..,..,..,..,..,..,..,..,..,..,..,..,..,..,..,..,..,..,..,..,..,..,..,..,..,..,..,..,..,..,..,..,..,..,..,..,..,..
Georgia,..,..,..,..,..,..,..,..,..,..,..,..,..,..,..,..,..,..,..,..,..,..,..,..,..,..,..,..,..,..,..,..,..,..,..,..,..,..,..,..,..,..,..,..,..,..,..,..,..,..
Gibraltar,..,..,..,..,..,..,..,..,..,..,..,..,..,..,..,..,..,..,..,..,..,..,..,..,..,..,..,..,..,..,..,..,..,..,..,..,..,..,..,..,..,..,..,..,..,..,..,..,..,..
Kazakhstan,..,..,..,..,..,..,..,..,..,..,..,..,..,..,..,..,..,..,..,254,264,269,234,213,190,169,150,154,142,142,141,160,177,193,206,224,238,284,258,274,292,290,306,253,232,243,259,263,248,255
Kosovo,..,..,..,..,..,..,..,..,..,..,..,..,..,..,..,..,..,..,..,..,..,..,..,..,..,..,..,..,..,..,..,..,..,..,..,..,..,..,..,..,..,..,..,..,..,..,..,..,..,..
Kyrgyzstan,..,..,..,..,..,..,..,..,..,..,..,..,..,..,..,..,..,..,..,..,..,..,..,..,..,..,..,..,..,..,..,..,..,..,..,..,..,..,..,..,..,..,..,..,..,..,..,..,..,..
Malta,..,..,..,..,..,..,..,..,..,..,..,..,..,..,..,..,..,..,..,..,..,..,..,..,..,..,..,..,..,..,..,..,..,..,..,..,..,..,..,..,..,..,..,..,..,..,..,..,..,..
Republic of Moldova,..,..,..,..,..,..,..,..,..,..,..,..,..,..,..,..,..,..,..,..,..,..,..,..,..,..,..,..,..,..,..,..,..,..,..,..,..,..,..,..,..,..,..,..,..,..,..,..,..,..
Montenegro,..,..,..,..,..,..,..,..,..,..,..,..,..,..,..,..,..,..,..,..,..,..,..,..,..,..,..,..,..,..,..,..,..,..,..,..,..,..,..,..,..,..,..,..,..,..,..,..,..,..
Republic of North Macedonia,..,..,..,..,..,..,..,..,..,..,..,..,..,..,..,..,..,..,..,..,..,..,..,..,..,..,..,..,..,..,..,..,..,..,..,..,..,..,..,..,..,..,..,..,..,..,..,..,..,..
Romania,121,125,135,135,146,159,166,180,185,183,185,183,185,182,182,187,197,202,198,176,146,129,121,118,123,127,116,102,87,91,97,96,101,97,96,100,97,96,82,79,85,83,74,73,74,72,75,76,74,69
Russian Federation,..,..,..,..,..,..,..,..,..,..,..,..,..,..,..,..,..,..,..,2637,2585,2381,2216,2011,1952,1916,1793,1796,1839,1885,1897,1904,1976,1975,2000,2039,2045,2041,1922,2007,2093,2060,2016,1992,1981,1975,2011,2100,2145,2055
Serbia,..,..,..,..,..,..,..,..,..,..,..,..,..,..,..,..,..,..,..,..,..,..,..,..,..,..,..,..,..,..,..,..,..,..,..,..,..,..,..,..,..,..,..,..,..,..,..,..,..,..
Tajikistan,..,..,..,..,..,..,..,..,..,..,..,..,..,..,..,..,..,..,..,..,..,..,..,..,..,..,..,..,..,..,..,..,..,..,..,..,..,..,..,..,..,..,..,..,..,..,..,..,..,..
Turkmenistan,..,..,..,..,..,..,..,..,..,..,..,..,..,..,..,..,..,..,..,146,138,95,104,83,84,81,66,68,86,110,112,119,134,142,146,145,159,165,123,138,169,177,185,183,188,183,181,185,201,180
Ukraine,..,..,..,..,..,..,..,..,..,..,..,..,..,..,..,..,..,..,..,711,673,584,511,427,411,359,340,320,317,309,312,315,340,317,305,312,320,308,261,279,291,285,278,245,197,207,181,192,180,171
Uzbekistan,..,..,..,..,..,..,..,..,..,..,..,..,..,..,..,..,..,..,..,140,142,132,135,134,124,126,128,145,145,153,155,161,153,156,147,157,150,158,143,152,154,137,134,125,118,125,129,135,139,136
Former Soviet Union (if no detail),..,..,..,..,..,..,..,..,..,..,..,..,..,..,..,..,..,..,..,..,..,..,..,..,..,..,..,..,..,..,..,..,..,..,..,..,..,..,..,..,..,..,..,..,..,..,..,..,..,..
Former Yugoslavia (if no detail),..,..,..,..,..,..,..,..,..,..,..,..,..,..,..,..,..,..,..,..,..,..,..,..,..,..,..,..,..,..,..,..,..,..,..,..,..,..,..,..,..,..,..,..,..,..,..,..,..,..
Non-OECD Europe and Eurasia,2689,2823,2992,3143,3354,3489,3587,3747,3848,3957,3957,4081,4132,4191,4272,4395,4517,4579,4585,4745,4559,4128,3790,3380,3268,3160,2980,2963,2960,3044,3071,3113,3258,3262,3282,3369,3408,3455,3164,3311,3485,3423,3375,3239,3158,3175,3208,3324,3355,3210
Algeria,41,51,55,58,62,76,83,91,91,88,83,82,86,90,99,113,107,105,107,105,109,110,118,121,126,129,127,127,131,136,133,139,151,153,160,165,167,171,171,173,177,194,198,209,217,217,218,227,231,219
Angola,6,8,8,9,9,7,10,9,9,9,9,8,8,8,9,10,11,13,12,13,13,14,17,20,23,27,28,30,31,29,28,28,29,31,31,32,35,39,40,42,42,42,44,46,49,48,43,39,39,33
Benin,1,1,1,1,1,1,1,1,1,1,1,1,1,1,1,1,1,1,1,1,1,1,1,1,1,1,2,2,2,2,2,2,3,3,3,4,4,4,5,5,5,5,5,6,6,7,7,8,8,8
Botswana,0,0,0,1,1,1,1,1,1,1,2,2,2,2,2,2,2,2,3,3,3,4,3,3,3,3,3,4,4,4,4,4,4,4,5,4,5,5,4,4,4,4,6,7,7,7,8,8,7,6
Cameroon,2,2,2,2,2,2,2,3,4,5,6,7,7,9,10,10,10,10,10,10,18,17,15,12,12,12,12,13,12,13,12,12,12,12,12,11,12,13,13,12,12,12,13,14,15,15,15,15,15,16
Congo,1,1,2,2,2,3,2,2,3,3,4,5,5,6,6,6,6,6,7,8,8,8,7,6,7,8,9,11,11,12,11,8,9,9,11,12,10,11,12,13,13,12,12,11,11,11,11,14,15,15
Côte d'Ivoire,3,3,3,3,3,4,4,4,4,4,4,4,5,5,4,5,5,4,4,3,4,4,4,4,4,5,6,6,8,8,8,9,7,7,8,8,8,9,8,9,9,11,11,12,12,12,13,13,13,14
Dem. Rep. of Congo,4,4,4,4,4,5,5,5,6,6,6,5,7,7,7,6,7,7,7,7,5,5,7,8,8,8,9,8,8,8,8,8,9,9,9,9,9,10,10,10,10,9,10,12,10,10,11,10,10,10
Egypt,29,30,28,31,35,39,42,44,48,54,61,64,70,77,82,82,87,87,91,99,100,101,104,100,105,110,116,120,125,121,133,136,141,152,171,178,190,199,203,204,210,220,218,223,229,237,249,245,226,219
Equatorial Guinea,..,..,..,..,..,..,..,..,..,..,0,0,0,0,0,0,0,0,0,0,0,2,2,2,2,3,4,6,7,7,9,8,9,13,13,13,14,13,12,13,12,12,11,13,12,12,11,10,10,9
Eritrea,..,..,..,..,..,..,..,..,..,..,..,..,..,..,..,..,..,..,..,..,..,1,1,1,1,1,1,1,1,1,1,1,1,1,1,1,1,1,1,1,1,1,1,1,1,1,1,1,1,1
Kingdom of Eswatini,0,0,0,0,0,0,0,1,1,1,1,1,1,1,1,1,1,1,1,1,1,1,1,2,2,1,1,1,1,1,1,1,1,1,1,1,1,1,1,1,1,1,1,1,1,1,1,1,1,1
Ethiopia,5,5,5,5,5,5,5,5,5,6,6,6,6,6,6,7,7,7,8,8,8,8,8,9,9,10,10,10,11,11,12,13,13,14,14,14,15,16,16,16,18,18,20,22,22,24,25,26,27,28
Gabon,4,4,7,9,10,11,11,11,11,10,10,10,10,11,12,9,8,9,11,12,13,13,13,15,16,17,17,17,16,15,15,15,16,15,15,13,13,13,13,14,14,13,13,13,14,14,12,11,12,12
Ghana,3,3,3,3,3,3,3,3,3,3,3,3,2,3,3,3,3,3,4,4,3,4,4,4,4,5,5,7,7,6,6,8,7,7,7,9,9,9,10,11,12,14,15,15,16,16,17,19,21,22
Kenya,4,4,5,5,5,5,5,5,5,6,6,5,5,6,6,7,7,7,7,7,7,7,7,7,8,9,8,9,10,11,10,10,9,10,10,12,12,12,14,15,15,14,15,17,19,20,21,20,21,20
Libya,134,112,100,73,62,82,87,91,93,86,62,62,64,65,61,62,58,62,62,76,80,72,79,93,101,104,97,96,94,98,94,93,101,104,113,115,110,115,111,117,62,117,100,82,73,70,90,99,104,64
Madagascar,1,1,1,1,1,1,1,1,1,1,1,1,1,1,1,1,1,1,1,2,2,2,2,2,2,2,2,2,3,3,3,2,2,3,3,3,3,3,3,3,3,4,4,4,4,5,5,5,6,4
Mauritius,..,..,..,..,..,..,..,..,..,..,..,..,..,..,..,..,..,..,..,..,..,..,..,..,..,..,..,..,..,..,..,..,..,..,..,..,..,..,..,..,..,..,..,..,..,..,..,..,..,..
Morocco,7,8,9,9,10,11,12,13,14,14,14,15,16,16,17,17,18,18,20,20,21,23,23,26,27,26,28,28,30,30,33,34,34,38,40,42,42,44,44,47,52,53,53,55,56,56,59,60,67,63
Mozambique,4,4,4,4,4,4,4,4,3,4,4,3,3,3,3,3,3,3,3,2,2,3,3,3,3,3,3,3,3,3,3,3,4,4,4,5,4,4,4,4,5,6,7,7,8,10,10,10,10,9
Namibia,..,..,..,..,..,..,..,..,..,..,..,..,..,..,..,..,..,..,..,..,1,1,1,2,2,2,2,2,2,2,3,2,2,2,3,3,3,3,3,3,3,3,4,4,4,4,4,4,4,4
Niger,0,0,0,0,1,1,1,1,1,1,1,1,1,1,1,1,1,1,1,1,1,1,1,1,1,1,1,1,1,1,1,1,1,1,1,1,1,1,2,2,2,3,3,3,3,3,3,3,3,3
Nigeria,75,88,100,111,110,127,130,127,161,146,112,109,109,111,118,116,110,121,139,146,160,173,168,160,171,195,194,179,174,192,199,181,199,201,201,188,177,179,167,190,193,190,198,205,196,193,194,199,209,195
Rwanda,1,1,1,1,1,1,1,1,1,1,1,1,1,1,1,1,1,2,2,1,1,1,1,1,1,1,2,2,2,1,1,2,1,1,1,1,1,1,1,1,1,2,2,2,2,2,2,2,2,2
Senegal,1,1,2,2,2,2,2,2,2,2,2,2,2,2,2,2,2,2,2,2,2,3,2,3,3,3,3,3,4,4,4,4,4,5,5,5,5,6,6,6,6,6,6,7,8,9,8,8,10,8
South Africa,168,173,190,197,215,230,232,210,215,226,239,237,230,244,248,245,261,260,263,270,265,262,271,278,291,300,317,325,307,313,349,359,383,411,408,410,428,459,435,457,441,460,470,481,457,457,467,471,478,423
South Sudan,..,..,..,..,..,..,..,..,..,..,..,..,..,..,..,..,..,..,..,..,..,..,..,..,..,..,..,..,..,..,..,..,..,..,..,..,..,..,..,..,..,2,3,3,4,3,3,4,4,4
Sudan,4,4,5,5,4,4,4,4,4,5,5,5,5,4,5,5,4,6,5,7,6,6,4,6,6,6,7,7,8,8,10,11,11,13,15,18,19,20,21,21,24,20,20,21,24,25,25,25,25,24
United Rep. of Tanzania,2,3,3,3,3,3,3,3,3,3,3,3,3,3,3,3,3,3,3,4,4,4,4,5,5,6,6,6,6,6,7,7,7,9,10,10,10,10,10,11,12,14,15,14,15,15,16,16,18,18
Togo,0,0,0,0,0,0,0,0,1,1,1,1,0,1,0,1,1,1,1,1,1,1,0,1,1,1,1,1,1,1,1,1,1,1,1,1,1,1,3,3,2,2,2,2,1,2,2,2,2,2
Tunisia,5,6,6,7,8,7,9,9,11,11,13,12,13,13,13,13,13,14,15,15,16,17,17,16,17,17,18,19,20,20,21,21,21,22,22,23,24,25,25,27,26,28,28,29,29,28,29,29,29,28
Uganda,2,2,2,2,2,2,2,2,2,2,2,2,2,2,2,2,2,2,2,2,2,2,2,2,3,3,3,3,3,3,3,3,3,3,4,4,5,5,5,5,6,6,6,6,7,7,8,8,8,8
Zambia,..,..,..,..,..,..,..,..,..,..,..,..,..,..,..,..,..,..,..,..,..,..,..,..,..,..,..,..,..,..,..,..,..,..,..,..,..,..,..,..,..,..,..,..,..,..,..,..,..,..
Zimbabwe,..,..,..,..,..,..,..,..,..,..,..,..,..,..,..,..,..,..,..,..,..,..,..,..,..,..,..,..,..,..,..,..,..,..,..,..,..,..,..,..,..,..,..,..,..,..,..,..,..,..
Other Africa,..,..,..,..,..,..,..,..,..,..,..,..,..,..,..,..,..,..,..,..,..,..,..,..,..,..,..,..,..,..,..,..,..,..,..,..,..,..,..,..,..,..,..,..,..,..,..,..,..,..
Africa,532,546,576,576,593,667,691,684,733,731,688,684,692,728,756,769,781,801,834,872,903,912,937,954,1007,1062,1085,1094,1090,1118,1175,1175,1247,1309,1354,1370,1397,1456,1430,1501,1452,1555,1573,1613,1599,1605,1655,1686,1711,1565
Bangladesh,5,5,5,6,6,7,7,7,8,9,9,9,9,9,11,12,12,13,14,15,14,16,16,18,21,21,23,23,24,25,30,32,33,36,38,42,44,48,52,58,62,67,71,74,81,90,96,104,101,94
Brunei Darussalam,8,8,7,7,6,6,6,6,7,7,5,5,7,5,5,5,5,5,5,5,5,5,6,6,6,6,7,6,6,6,6,6,7,7,7,10,9,10,10,9,9,9,9,9,8,8,9,9,9,11
Cambodia,..,..,..,..,..,..,..,..,..,..,..,..,..,..,..,..,..,..,..,..,..,..,..,..,..,..,..,..,..,..,..,..,..,..,..,..,..,..,..,..,..,..,..,..,..,..,..,..,..,..
DPR of Korea,..,..,..,..,..,..,..,..,..,..,..,..,..,..,..,..,..,..,..,..,..,..,..,..,..,..,..,..,..,..,..,..,..,..,..,..,..,..,..,..,..,..,..,..,..,..,..,..,..,..
India,215,223,224,241,257,273,278,274,294,309,340,359,387,429,447,482,517,547,587,621,665,682,705,740,793,827,872,886,947,983,999,1031,1058,1130,1180,1256,1379,1466,1608,1704,1799,1945,2001,2172,2184,2218,2332,2469,2431,2224
Indonesia,52,59,68,72,76,83,99,103,110,120,126,122,120,125,130,142,145,150,157,189,206,216,230,246,271,286,310,315,332,330,351,356,386,395,400,431,447,442,465,496,569,575,541,574,573,565,598,654,697,650
Lao People's Democratic Republic,..,..,..,..,..,..,..,..,..,..,..,..,..,..,..,..,..,..,..,..,..,..,..,..,..,..,..,..,..,..,..,..,..,..,..,..,..,..,..,..,..,..,..,..,..,..,..,..,..,..
Malaysia,15,16,17,20,22,25,24,25,30,32,32,33,38,41,42,40,40,43,49,58,69,72,77,84,91,104,112,111,120,129,134,141,149,163,173,179,195,208,187,206,207,210,229,242,243,238,231,247,251,248
Mongolia,..,..,..,..,..,..,..,..,..,..,..,..,..,..,..,..,..,..,..,..,..,..,..,..,..,..,..,..,..,..,..,..,..,..,..,..,..,..,..,..,..,..,..,..,..,..,..,..,..,..
Myanmar,..,..,..,..,..,..,..,..,..,..,..,..,..,..,..,..,..,..,..,..,..,..,..,..,..,..,..,..,..,..,..,..,..,..,..,..,..,..,..,..,..,..,..,..,..,..,..,..,..,..
Nepal,..,..,..,..,..,..,..,..,..,..,..,..,..,..,..,..,..,..,..,..,..,..,..,..,..,..,..,..,..,..,..,..,..,..,..,..,..,..,..,..,..,..,..,..,..,..,..,..,..,..
Pakistan,21,21,22,23,26,25,26,28,30,31,34,37,39,41,45,48,55,59,64,68,70,77,84,87,94,97,101,102,111,111,113,116,121,134,137,147,160,154,158,154,155,158,160,168,177,193,209,198,195,194
Philippines,26,27,30,29,32,32,35,36,38,36,34,34,36,33,32,30,37,38,40,41,41,44,47,50,60,65,71,71,69,70,69,69,71,73,73,68,72,74,75,80,81,83,92,98,106,117,128,133,140,129
Singapore,..,..,..,..,..,..,..,..,..,..,..,..,..,..,..,..,..,..,..,..,..,..,..,..,..,..,..,..,..,..,..,..,..,..,..,..,..,..,..,..,..,..,..,..,..,..,..,..,..,..
Sri Lanka,..,..,..,..,..,..,..,..,..,..,..,..,..,..,..,..,..,..,..,..,..,..,..,..,..,..,..,..,..,..,..,..,..,..,..,..,..,..,..,..,..,..,..,..,..,..,..,..,..,..
Chinese Taipei,..,..,..,..,..,..,..,..,..,..,..,..,..,..,..,..,..,..,..,..,..,..,..,..,..,..,..,..,..,..,..,..,..,..,..,..,..,..,..,..,..,..,..,..,..,..,..,..,..,..
Thailand,18,20,22,22,23,26,29,32,34,36,35,34,37,41,45,47,54,62,71,86,96,104,117,131,147,165,170,155,162,163,171,181,189,207,214,216,223,229,221,238,236,255,264,260,267,262,262,259,270,259
Viet Nam,19,19,21,18,21,15,17,17,18,19,19,21,22,21,22,23,26,26,22,24,25,26,30,32,37,40,46,51,52,56,62,70,74,90,97,99,108,119,131,146,147,146,153,167,184,201,203,252,301,311
Other Asia,..,..,..,..,..,..,..,..,..,..,..,..,..,..,..,..,..,..,..,..,..,..,..,..,..,..,..,..,..,..,..,..,..,..,..,..,..,..,..,..,..,..,..,..,..,..,..,..,..,..
Asia (excl. China),518,545,572,599,634,674,716,740,795,840,873,897,947,1007,1050,1111,1174,1243,1320,1421,1510,1554,1631,1712,1844,1937,2047,2063,2184,2268,2335,2407,2508,2669,2769,2907,3089,3198,3326,3534,3711,3896,3958,4225,4289,4386,4614,4865,4938,4647
China,911,968,1005,1025,1187,1233,1388,1561,1589,1557,1550,1614,1695,1843,1856,1958,2086,2239,2319,2359,2473,2570,2786,2898,3226,3197,3251,3339,3235,3424,3593,3860,4463,5187,5901,6492,7037,7242,7730,8478,9266,9517,9942,9962,9847,9780,10004,10482,10657,10819
"Hong Kong, China",..,..,..,..,..,..,..,..,..,..,..,..,..,..,..,..,..,..,..,..,..,..,..,..,..,..,..,..,..,..,..,..,..,..,..,..,..,..,..,..,..,..,..,..,..,..,..,..,..,..
"China (incl. Hong Kong, China)",920,977,1014,1036,1198,1245,1403,1576,1604,1572,1566,1632,1717,1867,1881,1986,2115,2271,2353,2393,2511,2612,2829,2934,3263,3231,3285,3381,3280,3465,3634,3900,4507,5227,5943,6534,7081,7284,7775,8520,9311,9561,9988,10008,9890,9824,10048,10525,10700,10853
Argentina,97,100,104,105,102,107,113,112,120,118,114,114,117,119,112,115,120,126,123,116,121,124,127,128,132,143,147,154,156,155,149,142,153,167,170,178,185,190,177,188,196,198,203,200,206,204,200,198,192,176
Bolivia,10,11,12,12,12,13,13,14,14,13,13,14,15,14,13,12,12,13,14,14,15,15,14,12,10,10,11,10,10,9,9,10,11,12,12,13,15,15,16,17,19,20,22,23,24,25,25,25,24,21
Brazil,102,110,127,137,144,157,161,175,184,182,172,172,166,169,177,195,199,202,204,204,210,215,222,230,247,267,286,296,307,322,329,331,326,345,349,353,369,391,366,415,435,470,502,530,506,471,483,460,462,440
Cuba,21,21,22,24,25,26,28,30,30,31,31,31,34,35,33,33,35,37,39,35,27,22,20,22,23,25,27,27,28,28,28,26,26,25,26,26,27,26,27,28,27,29,29,27,29,27,26,27,24,25
Curaçao,..,..,..,..,..,..,..,..,..,..,..,..,..,..,..,..,..,..,..,..,..,..,..,..,..,..,..,..,..,..,..,..,..,..,..,..,..,..,..,..,..,..,..,..,..,..,..,..,..,..
Dominican Republic,..,..,..,..,..,..,..,..,..,..,..,..,..,..,..,..,..,..,..,..,..,..,..,..,..,..,..,..,..,..,..,..,..,..,..,..,..,..,..,..,..,..,..,..,..,..,..,..,..,..
Ecuador,4,5,8,8,9,10,12,13,14,15,16,16,16,16,18,18,16,19,19,19,19,21,22,24,26,29,30,30,27,28,30,30,31,34,36,37,37,38,40,43,43,43,46,48,48,47,45,46,46,40
El Salvador,..,..,..,..,..,..,..,..,..,..,..,..,..,..,..,..,..,..,..,..,..,..,..,..,..,..,..,..,..,..,..,..,..,..,..,..,..,..,..,..,..,..,..,..,..,..,..,..,..,..
Guatemala,..,..,..,..,..,..,..,..,..,..,..,..,..,..,..,..,..,..,..,..,..,..,..,..,..,..,..,..,..,..,..,..,..,..,..,..,..,..,..,..,..,..,..,..,..,..,..,..,..,..
Guyana,2,2,2,2,2,2,2,2,2,2,2,2,1,2,2,1,1,1,1,1,1,1,1,1,2,2,2,2,2,2,2,2,2,2,2,1,2,2,2,2,2,2,2,2,2,2,2,2,3,3
Haiti,..,..,..,..,..,..,..,..,..,..,..,..,..,..,..,..,..,..,..,..,..,..,..,..,..,..,..,..,..,..,..,..,..,..,..,..,..,..,..,..,..,..,..,..,..,..,..,..,..,..
Honduras,..,..,..,..,..,..,..,..,..,..,..,..,..,..,..,..,..,..,..,..,..,..,..,..,..,..,..,..,..,..,..,..,..,..,..,..,..,..,..,..,..,..,..,..,..,..,..,..,..,..
Jamaica,..,..,..,..,..,..,..,..,..,..,..,..,..,..,..,..,..,..,..,..,..,..,..,..,..,..,..,..,..,..,..,..,..,..,..,..,..,..,..,..,..,..,..,..,..,..,..,..,..,..
Nicaragua,..,..,..,..,..,..,..,..,..,..,..,..,..,..,..,..,..,..,..,..,..,..,..,..,..,..,..,..,..,..,..,..,..,..,..,..,..,..,..,..,..,..,..,..,..,..,..,..,..,..
Panama,..,..,..,..,..,..,..,..,..,..,..,..,..,..,..,..,..,..,..,..,..,..,..,..,..,..,..,..,..,..,..,..,..,..,..,..,..,..,..,..,..,..,..,..,..,..,..,..,..,..
Paraguay,1,1,1,1,1,1,1,2,2,2,2,2,2,2,2,2,2,2,2,2,2,3,3,4,4,4,4,5,5,4,4,4,4,4,4,4,4,5,5,5,6,5,6,6,7,8,8,9,9,8
Peru,20,20,20,21,22,23,22,23,25,26,26,26,23,24,24,23,25,24,22,22,21,22,23,23,26,28,28,27,30,29,27,28,28,31,31,31,34,38,41,45,49,49,50,53,54,57,54,54,57,46
Suriname,..,..,..,..,..,..,..,..,..,..,..,..,..,..,..,..,..,..,..,..,..,..,..,..,..,..,..,..,..,..,..,..,..,..,..,..,..,..,..,..,..,..,..,..,..,..,..,..,..,..
Trinidad and Tobago,11,12,13,13,13,14,15,15,21,19,19,19,13,14,20,20,21,22,21,19,19,19,15,12,11,12,12,13,13,14,16,17,21,22,24,28,28,28,27,29,30,29,30,29,28,24,24,24,23,21
Uruguay,5,6,5,5,5,5,5,5,6,5,5,5,4,3,3,3,4,5,5,4,4,5,4,4,5,5,5,6,7,5,5,4,4,5,5,6,6,8,8,6,8,8,7,7,7,7,6,7,7,7
Venezuela,319,295,314,274,215,212,211,209,231,227,223,212,205,205,197,214,214,225,223,245,259,261,269,273,300,328,347,346,324,339,344,328,310,335,353,349,344,358,346,354,351,381,382,377,354,327,291,251,198,132
Other Non-OECD Americas,..,..,..,..,..,..,..,..,..,..,..,..,..,..,..,..,..,..,..,..,..,..,..,..,..,..,..,..,..,..,..,..,..,..,..,..,..,..,..,..,..,..,..,..,..,..,..,..,..,..
Non-OECD Americas,637,629,678,650,596,617,632,647,696,686,666,655,638,645,638,677,691,719,719,738,760,772,785,802,859,929,983,1004,1001,1030,1040,1009,1004,1072,1106,1126,1152,1196,1151,1229,1262,1334,1378,1405,1374,1310,1264,1207,1155,1011
Bahrain,8,8,9,9,8,10,11,12,12,12,12,12,10,11,11,12,12,13,13,13,13,15,16,16,16,17,17,18,18,19,20,20,21,21,24,26,27,29,28,30,30,31,33,34,35,35,35,35,38,37
Islamic Rep. of Iran,187,203,229,243,245,280,280,270,210,150,147,197,202,196,204,187,203,204,251,269,296,314,322,351,356,365,377,373,404,428,439,452,486,518,556,593,623,631,648,646,657,653,672,704,704,739,770,779,740,721
Iraq,48,49,57,60,68,81,74,80,103,86,46,50,53,60,71,81,83,92,100,87,47,72,97,112,111,110,138,122,107,123,131,120,105,120,115,113,108,122,130,146,154,177,189,188,197,214,227,236,250,224
Jordan,1,2,2,2,2,3,3,3,4,4,5,6,7,7,8,8,9,9,9,9,9,11,11,12,12,13,13,14,14,15,15,16,16,17,19,19,20,19,20,19,20,23,23,24,24,24,25,24,23,21
Kuwait,66,67,60,49,41,42,40,46,52,42,37,37,42,43,46,52,55,65,76,38,9,31,45,52,52,51,53,58,60,66,69,70,75,80,89,92,90,96,95,99,103,106,109,107,110,114,111,114,115,112
Lebanon,5,5,7,7,6,5,5,6,6,7,6,5,5,6,7,7,7,6,6,6,7,7,10,11,13,14,16,15,16,14,15,15,15,16,15,14,13,17,20,19,19,21,21,23,25,26,27,26,26,21
Oman,14,13,13,13,14,15,15,4,5,5,6,7,8,10,11,12,13,14,14,19,23,23,24,26,29,30,31,30,33,37,41,42,44,43,43,51,53,53,55,59,66,74,77,81,85,88,87,92,92,87
Qatar,13,14,16,16,18,16,15,17,17,14,17,13,12,14,13,14,14,15,16,16,19,18,21,24,25,27,34,35,39,39,39,43,47,51,52,59,66,71,73,84,94,103,105,109,112,114,115,115,117,115
Saudi Arabia,88,104,123,139,142,176,188,190,232,262,240,198,184,158,149,155,163,181,182,212,244,258,255,254,252,265,269,283,285,298,300,316,336,352,372,391,407,441,450,491,514,541,549,585,612,613,604,582,580,562
Syrian Arab Republic ,15,16,16,20,25,27,28,27,28,27,30,29,32,34,31,32,48,49,50,60,70,74,78,81,84,86,85,88,87,87,87,88,87,79,88,89,91,92,88,88,82,57,36,31,29,28,31,32,31,30
United Arab Emirates,39,43,50,55,60,71,73,62,63,64,55,49,51,66,66,64,66,65,73,73,82,79,83,91,96,100,103,105,106,107,120,120,127,133,141,146,155,178,177,185,192,203,213,213,224,231,221,203,217,217
Yemen,1,1,2,2,2,2,2,2,3,4,4,4,5,5,5,5,6,10,11,11,13,13,14,19,20,20,21,22,25,27,28,28,31,31,33,35,35,34,37,37,33,29,37,35,16,11,11,14,13,12
Middle East,484,527,584,613,630,730,733,719,733,678,604,607,611,608,623,631,678,722,800,813,831,916,977,1050,1065,1097,1159,1163,1193,1260,1304,1330,1389,1461,1546,1628,1687,1781,1822,1902,1964,2019,2064,2135,2173,2236,2265,2252,2241,2159
IEA/Accession/Association,..,..,..,..,..,..,..,..,..,..,..,..,..,..,..,..,..,..,..,..,..,..,..,..,..,..,..,..,..,..,..,..,..,..,..,..,..,..,..,..,..,..,..,..,..,..,..,..,..,..
European Union - 27,16,17,17,18,17,18,19,20,20,20,20,20,21,22,23,23,26,26,26,3554,3523,3399,3342,3324,3373,3479,3407,3395,3336,3343,3403,3397,3488,3489,3473,3480,3434,3364,3132,3221,3124,3069,2995,2843,2902,2913,2937,2872,2732,2467
G7,8085,8425,8858,8611,8252,8686,8866,8919,9115,8739,8520,8174,8105,8394,8424,8382,8574,8885,8988,8922,8905,8936,8992,9112,9209,9461,9679,9723,9750,9962,9953,9820,9954,10012,10033,9903,10004,9723,9081,9475,9254,9106,9251,9115,8969,8825,8733,8858,8608,7791
G8,514,529,542,543,549,567,584,600,636,643,642,699,689,722,722,729,749,767,767,11559,11489,11317,11208,11122,11161,11378,11471,11519,11589,11846,11850,11723,11930,11988,12033,11942,12049,11764,11003,11482,11347,11165,11267,11107,10950,10800,10744,10958,10753,9846
G20,..,..,..,..,..,..,..,..,..,..,..,..,..,..,..,..,..,..,..,..,..,..,..,..,..,..,..,..,..,..,..,..,..,..,..,..,..,..,..,..,..,..,..,..,..,..,..,..,..,..
Africa,532,546,576,576,593,667,691,684,733,731,688,684,692,728,756,769,781,801,834,872,903,912,937,954,1007,1062,1085,1094,1090,1118,1175,1175,1247,1309,1354,1370,1397,1456,1430,1501,1452,1555,1573,1613,1599,1605,1655,1686,1711,1565
Americas,5779,6048,6291,6122,5867,6180,6388,6428,6549,6369,6288,6047,5972,6218,6246,6231,6437,6719,6822,6706,6705,6813,6946,7088,7199,7466,7841,7943,7945,8187,8162,7994,8099,8253,8335,8268,8434,8295,7812,8182,8057,7929,8137,8190,8053,7882,7776,7903,7729,6909
Asia,..,..,..,..,..,..,..,..,..,..,..,..,..,..,..,..,..,..,..,..,..,..,..,..,..,..,..,..,..,..,..,..,..,..,..,..,..,..,..,..,..,..,..,..,..,..,..,..,..,..
Europe,..,..,..,..,..,..,..,..,..,..,..,..,..,..,..,..,..,..,..,..,..,..,..,..,..,..,..,..,..,..,..,..,..,..,..,..,..,..,..,..,..,..,..,..,..,..,..,..,..,..
Oceania,..,..,..,..,..,..,..,..,..,..,..,..,..,..,..,..,..,..,..,..,..,..,..,..,..,..,..,..,..,..,..,..,..,..,..,..,..,..,..,..,..,..,..,..,..,..,..,..,..,..